{
    "variants": {
        "facing=north,half=bottom,open=false": { "model": "block/bamboo_trapdoor_bottom2" },
        "facing=south,half=bottom,open=false": { "model": "block/bamboo_trapdoor_bottom", "y": 180 },
        "facing=east,half=bottom,open=false": { "model": "block/bamboo_trapdoor_bottom1", "y": 90 },
        "facing=west,half=bottom,open=false": { "model": "block/bamboo_trapdoor_bottom3", "y": 270 },
        "facing=north,half=top,open=false": { "model": "block/bamboo_trapdoor_top2" },
        "facing=south,half=top,open=false": { "model": "block/bamboo_trapdoor_top", "y": 180 },
        "facing=east,half=top,open=false": { "model": "block/bamboo_trapdoor_top1", "y": 90 },
        "facing=west,half=top,open=false": { "model": "block/bamboo_trapdoor_top3", "y": 270 },
        "facing=north,half=bottom,open=true": { "model": "block/bamboo_trapdoor_open1" },
        "facing=south,half=bottom,open=true": { "model": "block/bamboo_trapdoor_open1", "y": 180 },
        "facing=east,half=bottom,open=true": { "model": "block/bamboo_trapdoor_open1", "y": 90 },
        "facing=west,half=bottom,open=true": { "model": "block/bamboo_trapdoor_open1", "y": 270 },
        "facing=north,half=top,open=true": { "model": "block/bamboo_trapdoor_open", "x": 180, "y": 180 },
        "facing=south,half=top,open=true": { "model": "block/bamboo_trapdoor_open", "x": 180, "y": 0 },
        "facing=east,half=top,open=true": { "model": "block/bamboo_trapdoor_open", "x": 180, "y": 270 },
        "facing=west,half=top,open=true": { "model": "block/bamboo_trapdoor_open", "x": 180, "y": 90 }
    }
}
